sample,event,species,type,lab,contamination,plastic-composite,length_mm,girth_mm,gapetosnout_mm,vmo_mm,hmo_mm,weight_g,gut_g,stomach_fullness_index,heart_g,liver_g,condition,total_plastic_particles,black,blue,red,yellow,colourless,fragment_film_bead,fibre_rod,length0-100um,length_101-200um,length_201-300,length_301-400um,length_401-500,length_501-5000,pvc,pet,pa,pe,pest,pest-mix,pma,pnma,eva,pur,pp,other
13ANI01,13,ANI,dig,Hardy301,original,plastic,252,115,30.34,25.24,32.12,123.0,5.461,2,1.077,na,0.768605502,0,0,0,0,0,0,0,0,0,0,0,0,0,0,0,0,0,0,0,0,0,0,0,0,0,0
13ANI01,13,ANI,dig,Hardy301,extreme,plastic,252,115,30.34,25.24,32.12,123.0,5.461,2,1.077,na,0.768605502,0,0,0,0,0,0,0,0,0,0,0,0,0,0,0,0,0,0,0,0,0,0,0,0,0,0
13ANI01,13,ANI,dig,Hardy301,conservative,plastic,252,115,30.34,25.24,32.12,123.0,5.461,2,1.077,na,0.768605502,0,0,0,0,0,0,0,0,0,0,0,0,0,0,0,0,0,0,0,0,0,0,0,0,0,0
13ANI01,13,ANI,dig,Hardy301,original,composite,252,115,30.34,25.24,32.12,123.0,5.461,2,1.077,na,0.768605502,0,0,0,0,0,0,0,0,0,0,0,0,0,0,0,0,0,0,0,0,0,0,0,0,0,0
13ANI01,13,ANI,dig,Hardy301,extreme,composite,252,115,30.34,25.24,32.12,123.0,5.461,2,1.077,na,0.768605502,0,0,0,0,0,0,0,0,0,0,0,0,0,0,0,0,0,0,0,0,0,0,0,0,0,0
13ANI01,13,ANI,dig,Hardy301,conservative,composite,252,115,30.34,25.24,32.12,123.0,5.461,2,1.077,na,0.768605502,0,0,0,0,0,0,0,0,0,0,0,0,0,0,0,0,0,0,0,0,0,0,0,0,0,0
13ANI02,13,ANI,dig,Hardy301,original,plastic,257,117,32.61,28.05,36.42,132.5,6.4,4,1.137,na,0.780578362,0,0,0,0,0,0,0,0,0,0,0,0,0,0,0,0,0,0,0,0,0,0,0,0,0,0
13ANI02,13,ANI,dig,Hardy301,extreme,plastic,257,117,32.61,28.05,36.42,132.5,6.4,4,1.137,na,0.780578362,0,0,0,0,0,0,0,0,0,0,0,0,0,0,0,0,0,0,0,0,0,0,0,0,0,0
13ANI02,13,ANI,dig,Hardy301,conservative,plastic,257,117,32.61,28.05,36.42,132.5,6.4,4,1.137,na,0.780578362,0,0,0,0,0,0,0,0,0,0,0,0,0,0,0,0,0,0,0,0,0,0,0,0,0,0
13ANI02,13,ANI,dig,Hardy301,original,composite,257,117,32.61,28.05,36.42,132.5,6.4,4,1.137,na,0.780578362,0,0,0,0,0,0,0,0,0,0,0,0,0,0,0,0,0,0,0,0,0,0,0,0,0,0
13ANI02,13,ANI,dig,Hardy301,extreme,composite,257,117,32.61,28.05,36.42,132.5,6.4,4,1.137,na,0.780578362,0,0,0,0,0,0,0,0,0,0,0,0,0,0,0,0,0,0,0,0,0,0,0,0,0,0
13ANI02,13,ANI,dig,Hardy301,conservative,composite,257,117,32.61,28.05,36.42,132.5,6.4,4,1.137,na,0.780578362,0,0,0,0,0,0,0,0,0,0,0,0,0,0,0,0,0,0,0,0,0,0,0,0,0,0
13ANI03,13,ANI,dig,Hardy301,original,plastic,266,119,34.66,36.96,37.51,157.1,6.007,2,1.404,na,0.834701656,4,1,2,0,1,0,4,0,2,2,0,0,0,0,0,0,1,0,0,0,1,0,1,1,0,0
13ANI03,13,ANI,dig,Hardy301,extreme,plastic,266,119,34.66,36.96,37.51,157.1,6.007,2,1.404,na,0.834701656,2,0,2,0,0,0,2,0,1,1,0,0,0,0,0,0,0,0,0,0,1,0,0,1,0,0
13ANI03,13,ANI,dig,Hardy301,conservative,plastic,266,119,34.66,36.96,37.51,157.1,6.007,2,1.404,na,0.834701656,3,0,2,0,1,0,3,0,2,1,0,0,0,0,0,0,0,0,0,0,1,0,1,1,0,0
13ANI03,13,ANI,dig,Hardy301,original,composite,266,119,34.66,36.96,37.51,157.1,6.007,2,1.404,na,0.834701656,1,0,1,0,0,0,1,0,1,0,0,0,0,0,0,0,0,0,1,0,0,0,0,0,0,0
13ANI03,13,ANI,dig,Hardy301,extreme,composite,266,119,34.66,36.96,37.51,157.1,6.007,2,1.404,na,0.834701656,0,0,0,0,0,0,0,0,0,0,0,0,0,0,0,0,0,0,0,0,0,0,0,0,0,0
13ANI03,13,ANI,dig,Hardy301,conservative,composite,266,119,34.66,36.96,37.51,157.1,6.007,2,1.404,na,0.834701656,0,0,0,0,0,0,0,0,0,0,0,0,0,0,0,0,0,0,0,0,0,0,0,0,0,0
13ANI04,13,ANI,dig,Hardy301,original,plastic,250,110,33.34,39.47,37.61,124.0,4.984,3,1.062,na,0.7936,2,0,2,0,0,0,2,0,2,0,0,0,0,0,0,0,0,0,0,0,0,0,0,0,0,2
13ANI04,13,ANI,dig,Hardy301,extreme,plastic,250,110,33.34,39.47,37.61,124.0,4.984,3,1.062,na,0.7936,2,0,2,0,0,0,2,0,2,0,0,0,0,0,0,0,0,0,0,0,0,0,0,0,0,2
13ANI04,13,ANI,dig,Hardy301,conservative,plastic,250,110,33.34,39.47,37.61,124.0,4.984,3,1.062,na,0.7936,2,0,2,0,0,0,2,0,2,0,0,0,0,0,0,0,0,0,0,0,0,0,0,0,0,2
13ANI04,13,ANI,dig,Hardy301,original,composite,250,110,33.34,39.47,37.61,124.0,4.984,3,1.062,na,0.7936,0,0,0,0,0,0,0,0,0,0,0,0,0,0,0,0,0,0,0,0,0,0,0,0,0,0
13ANI04,13,ANI,dig,Hardy301,extreme,composite,250,110,33.34,39.47,37.61,124.0,4.984,3,1.062,na,0.7936,0,0,0,0,0,0,0,0,0,0,0,0,0,0,0,0,0,0,0,0,0,0,0,0,0,0
13ANI04,13,ANI,dig,Hardy301,conservative,composite,250,110,33.34,39.47,37.61,124.0,4.984,3,1.062,na,0.7936,0,0,0,0,0,0,0,0,0,0,0,0,0,0,0,0,0,0,0,0,0,0,0,0,0,0
13ANI05,13,ANI,dig,Hardy301,original,plastic,231,113,31.5,41.87,39.51,102.2,5.96,3,0.958,na,0.829115351,0,0,0,0,0,0,0,0,0,0,0,0,0,0,0,0,0,0,0,0,0,0,0,0,0,0
13ANI05,13,ANI,dig,Hardy301,extreme,plastic,231,113,31.5,41.87,39.51,102.2,5.96,3,0.958,na,0.829115351,0,0,0,0,0,0,0,0,0,0,0,0,0,0,0,0,0,0,0,0,0,0,0,0,0,0
13ANI05,13,ANI,dig,Hardy301,conservative,plastic,231,113,31.5,41.87,39.51,102.2,5.96,3,0.958,na,0.829115351,0,0,0,0,0,0,0,0,0,0,0,0,0,0,0,0,0,0,0,0,0,0,0,0,0,0
13ANI05,13,ANI,dig,Hardy301,original,composite,231,113,31.5,41.87,39.51,102.2,5.96,3,0.958,na,0.829115351,2,0,2,0,0,0,2,0,0,2,0,0,0,0,0,0,0,0,2,0,0,0,0,0,0,0
13ANI05,13,ANI,dig,Hardy301,extreme,composite,231,113,31.5,41.87,39.51,102.2,5.96,3,0.958,na,0.829115351,0,0,0,0,0,0,0,0,0,0,0,0,0,0,0,0,0,0,0,0,0,0,0,0,0,0
13ANI05,13,ANI,dig,Hardy301,conservative,composite,231,113,31.5,41.87,39.51,102.2,5.96,3,0.958,na,0.829115351,0,0,0,0,0,0,0,0,0,0,0,0,0,0,0,0,0,0,0,0,0,0,0,0,0,0
13ANI06,13,ANI,dig,Hardy301,original,plastic,251,119,31.73,41.27,38.84,128.9,6.064,2,0.969,na,0.815139151,0,0,0,0,0,0,0,0,0,0,0,0,0,0,0,0,0,0,0,0,0,0,0,0,0,0
13ANI06,13,ANI,dig,Hardy301,extreme,plastic,251,119,31.73,41.27,38.84,128.9,6.064,2,0.969,na,0.815139151,0,0,0,0,0,0,0,0,0,0,0,0,0,0,0,0,0,0,0,0,0,0,0,0,0,0
13ANI06,13,ANI,dig,Hardy301,conservative,plastic,251,119,31.73,41.27,38.84,128.9,6.064,2,0.969,na,0.815139151,0,0,0,0,0,0,0,0,0,0,0,0,0,0,0,0,0,0,0,0,0,0,0,0,0,0
13ANI06,13,ANI,dig,Hardy301,original,composite,251,119,31.73,41.27,38.84,128.9,6.064,2,0.969,na,0.815139151,1,0,1,0,0,0,1,0,0,1,0,0,0,0,0,0,0,0,0,0,0,1,0,0,0,0
13ANI06,13,ANI,dig,Hardy301,extreme,composite,251,119,31.73,41.27,38.84,128.9,6.064,2,0.969,na,0.815139151,0,0,0,0,0,0,0,0,0,0,0,0,0,0,0,0,0,0,0,0,0,0,0,0,0,0
13ANI06,13,ANI,dig,Hardy301,conservative,composite,251,119,31.73,41.27,38.84,128.9,6.064,2,0.969,na,0.815139151,1,0,1,0,0,0,1,0,0,1,0,0,0,0,0,0,0,0,0,0,0,1,0,0,0,0
13ANI07,13,ANI,dig,Hardy301,original,plastic,256,113,35.1,43.58,42.81,144.9,7.158,2,1.273,na,0.863671303,0,0,0,0,0,0,0,0,0,0,0,0,0,0,0,0,0,0,0,0,0,0,0,0,0,0
13ANI07,13,ANI,dig,Hardy301,extreme,plastic,256,113,35.1,43.58,42.81,144.9,7.158,2,1.273,na,0.863671303,0,0,0,0,0,0,0,0,0,0,0,0,0,0,0,0,0,0,0,0,0,0,0,0,0,0
13ANI07,13,ANI,dig,Hardy301,conservative,plastic,256,113,35.1,43.58,42.81,144.9,7.158,2,1.273,na,0.863671303,0,0,0,0,0,0,0,0,0,0,0,0,0,0,0,0,0,0,0,0,0,0,0,0,0,0
13ANI07,13,ANI,dig,Hardy301,original,composite,256,113,35.1,43.58,42.81,144.9,7.158,2,1.273,na,0.863671303,0,0,0,0,0,0,0,0,0,0,0,0,0,0,0,0,0,0,0,0,0,0,0,0,0,0
13ANI07,13,ANI,dig,Hardy301,extreme,composite,256,113,35.1,43.58,42.81,144.9,7.158,2,1.273,na,0.863671303,0,0,0,0,0,0,0,0,0,0,0,0,0,0,0,0,0,0,0,0,0,0,0,0,0,0
13ANI07,13,ANI,dig,Hardy301,conservative,composite,256,113,35.1,43.58,42.81,144.9,7.158,2,1.273,na,0.863671303,0,0,0,0,0,0,0,0,0,0,0,0,0,0,0,0,0,0,0,0,0,0,0,0,0,0
13ANI08,13,ANI,dig,Hardy301,original,plastic,261,112,33.89,44.76,44.66,135.7,5.987,1,0.934,na,0.763235084,0,0,0,0,0,0,0,0,0,0,0,0,0,0,0,0,0,0,0,0,0,0,0,0,0,0
13ANI08,13,ANI,dig,Hardy301,extreme,plastic,261,112,33.89,44.76,44.66,135.7,5.987,1,0.934,na,0.763235084,0,0,0,0,0,0,0,0,0,0,0,0,0,0,0,0,0,0,0,0,0,0,0,0,0,0
13ANI08,13,ANI,dig,Hardy301,conservative,plastic,261,112,33.89,44.76,44.66,135.7,5.987,1,0.934,na,0.763235084,0,0,0,0,0,0,0,0,0,0,0,0,0,0,0,0,0,0,0,0,0,0,0,0,0,0
13ANI08,13,ANI,dig,Hardy301,original,composite,261,112,33.89,44.76,44.66,135.7,5.987,1,0.934,na,0.763235084,0,0,0,0,0,0,0,0,0,0,0,0,0,0,0,0,0,0,0,0,0,0,0,0,0,0
13ANI08,13,ANI,dig,Hardy301,extreme,composite,261,112,33.89,44.76,44.66,135.7,5.987,1,0.934,na,0.763235084,0,0,0,0,0,0,0,0,0,0,0,0,0,0,0,0,0,0,0,0,0,0,0,0,0,0
13ANI08,13,ANI,dig,Hardy301,conservative,composite,261,112,33.89,44.76,44.66,135.7,5.987,1,0.934,na,0.763235084,0,0,0,0,0,0,0,0,0,0,0,0,0,0,0,0,0,0,0,0,0,0,0,0,0,0
13ANI09,13,ANI,dig,Hardy301,original,plastic,256,117,33.63,29.97,32.86,123.9,6.454,1,1.173,1.563,0.738501549,0,0,0,0,0,0,0,0,0,0,0,0,0,0,0,0,0,0,0,0,0,0,0,0,0,0
13ANI09,13,ANI,dig,Hardy301,extreme,plastic,256,117,33.63,29.97,32.86,123.9,6.454,1,1.173,1.563,0.738501549,0,0,0,0,0,0,0,0,0,0,0,0,0,0,0,0,0,0,0,0,0,0,0,0,0,0
13ANI09,13,ANI,dig,Hardy301,conservative,plastic,256,117,33.63,29.97,32.86,123.9,6.454,1,1.173,1.563,0.738501549,0,0,0,0,0,0,0,0,0,0,0,0,0,0,0,0,0,0,0,0,0,0,0,0,0,0
13ANI09,13,ANI,dig,Hardy301,original,composite,256,117,33.63,29.97,32.86,123.9,6.454,1,1.173,1.563,0.738501549,0,0,0,0,0,0,0,0,0,0,0,0,0,0,0,0,0,0,0,0,0,0,0,0,0,0
13ANI09,13,ANI,dig,Hardy301,extreme,composite,256,117,33.63,29.97,32.86,123.9,6.454,1,1.173,1.563,0.738501549,0,0,0,0,0,0,0,0,0,0,0,0,0,0,0,0,0,0,0,0,0,0,0,0,0,0
13ANI09,13,ANI,dig,Hardy301,conservative,composite,256,117,33.63,29.97,32.86,123.9,6.454,1,1.173,1.563,0.738501549,0,0,0,0,0,0,0,0,0,0,0,0,0,0,0,0,0,0,0,0,0,0,0,0,0,0
13ANI10,13,ANI,dig,Hardy301,original,plastic,242,111,30.77,26.22,31.09,106,5.211,2,0.711,1.255,0.747927957,1,0,1,0,0,0,1,0,0,0,1,0,0,0,0,0,0,0,0,0,0,0,0,0,1,0
13ANI10,13,ANI,dig,Hardy301,extreme,plastic,242,111,30.77,26.22,31.09,106,5.211,2,0.711,1.255,0.747927957,1,0,1,0,0,0,1,0,0,0,1,0,0,0,0,0,0,0,0,0,0,0,0,0,1,0
13ANI10,13,ANI,dig,Hardy301,conservative,plastic,242,111,30.77,26.22,31.09,106,5.211,2,0.711,1.255,0.747927957,1,0,1,0,0,0,1,0,0,0,1,0,0,0,0,0,0,0,0,0,0,0,0,0,1,0
13ANI10,13,ANI,dig,Hardy301,original,composite,242,111,30.77,26.22,31.09,106,5.211,2,0.711,1.255,0.747927957,1,0,1,0,0,0,1,0,1,0,0,0,0,0,0,0,0,0,1,0,0,0,0,0,0,0
13ANI10,13,ANI,dig,Hardy301,extreme,composite,242,111,30.77,26.22,31.09,106,5.211,2,0.711,1.255,0.747927957,0,0,0,0,0,0,0,0,0,0,0,0,0,0,0,0,0,0,0,0,0,0,0,0,0,0
13ANI10,13,ANI,dig,Hardy301,conservative,composite,242,111,30.77,26.22,31.09,106,5.211,2,0.711,1.255,0.747927957,0,0,0,0,0,0,0,0,0,0,0,0,0,0,0,0,0,0,0,0,0,0,0,0,0,0
13ANI11,13,ANI,dig,Hardy301,original,plastic,259,106,33.86,24.28,31.86,120.1,5.297,2,0.817,1.619,0.691263642,0,0,0,0,0,0,0,0,0,0,0,0,0,0,0,0,0,0,0,0,0,0,0,0,0,0
13ANI11,13,ANI,dig,Hardy301,extreme,plastic,259,106,33.86,24.28,31.86,120.1,5.297,2,0.817,1.619,0.691263642,0,0,0,0,0,0,0,0,0,0,0,0,0,0,0,0,0,0,0,0,0,0,0,0,0,0
13ANI11,13,ANI,dig,Hardy301,conservative,plastic,259,106,33.86,24.28,31.86,120.1,5.297,2,0.817,1.619,0.691263642,0,0,0,0,0,0,0,0,0,0,0,0,0,0,0,0,0,0,0,0,0,0,0,0,0,0
13ANI11,13,ANI,dig,Hardy301,original,composite,259,106,33.86,24.28,31.86,120.1,5.297,2,0.817,1.619,0.691263642,0,0,0,0,0,0,0,0,0,0,0,0,0,0,0,0,0,0,0,0,0,0,0,0,0,0
13ANI11,13,ANI,dig,Hardy301,extreme,composite,259,106,33.86,24.28,31.86,120.1,5.297,2,0.817,1.619,0.691263642,0,0,0,0,0,0,0,0,0,0,0,0,0,0,0,0,0,0,0,0,0,0,0,0,0,0
13ANI11,13,ANI,dig,Hardy301,conservative,composite,259,106,33.86,24.28,31.86,120.1,5.297,2,0.817,1.619,0.691263642,0,0,0,0,0,0,0,0,0,0,0,0,0,0,0,0,0,0,0,0,0,0,0,0,0,0
13ANI12,13,ANI,dig,Hardy301,original,plastic,248,114,32.71,30.48,33.27,125.1,6.053,1,1.127,1.755,0.820166955,2,0,2,0,0,0,1,1,1,0,0,0,0,1,0,1,0,0,0,0,1,0,0,0,0,0
13ANI12,13,ANI,dig,Hardy301,extreme,plastic,248,114,32.71,30.48,33.27,125.1,6.053,1,1.127,1.755,0.820166955,2,0,2,0,0,0,1,1,1,0,0,0,0,1,0,1,0,0,0,0,1,0,0,0,0,0
13ANI12,13,ANI,dig,Hardy301,conservative,plastic,248,114,32.71,30.48,33.27,125.1,6.053,1,1.127,1.755,0.820166955,2,0,2,0,0,0,1,1,1,0,0,0,0,1,0,1,0,0,0,0,1,0,0,0,0,0
13ANI12,13,ANI,dig,Hardy301,original,composite,248,114,32.71,30.48,33.27,125.1,6.053,1,1.127,1.755,0.820166955,0,0,0,0,0,0,0,0,0,0,0,0,0,0,0,0,0,0,0,0,0,0,0,0,0,0
13ANI12,13,ANI,dig,Hardy301,extreme,composite,248,114,32.71,30.48,33.27,125.1,6.053,1,1.127,1.755,0.820166955,0,0,0,0,0,0,0,0,0,0,0,0,0,0,0,0,0,0,0,0,0,0,0,0,0,0
13ANI12,13,ANI,dig,Hardy301,conservative,composite,248,114,32.71,30.48,33.27,125.1,6.053,1,1.127,1.755,0.820166955,0,0,0,0,0,0,0,0,0,0,0,0,0,0,0,0,0,0,0,0,0,0,0,0,0,0
13ANIPRO,13,ANI,pro,Hardy301,original,plastic,,,,,,,,,,,,0,0,0,0,0,0,0,0,0,0,0,0,0,0,0,0,0,0,0,0,0,0,0,0,0,0
13ANIPRO,13,ANI,pro,Hardy301,original,composite,,,,,,,,,,,,2,0,1,1,0,0,2,0,0,2,0,0,0,0,0,0,0,0,2,0,0,0,0,0,0,0
13NOG01,13,NOG,dig,Hardy301,original,plastic,181,95,12.7,16.27,18.03,56.7,7.836,2,na,0.425,0.956196906,1,0,1,0,0,0,1,0,0,0,0,1,0,0,0,0,0,0,0,0,1,0,0,0,0,0
13NOG01,13,NOG,dig,Hardy301,extreme,plastic,181,95,12.7,16.27,18.03,56.7,7.836,2,na,0.425,0.956196906,1,0,1,0,0,0,1,0,0,0,0,1,0,0,0,0,0,0,0,0,1,0,0,0,0,0
13NOG01,13,NOG,dig,Hardy301,conservative,plastic,181,95,12.7,16.27,18.03,56.7,7.836,2,na,0.425,0.956196906,1,0,1,0,0,0,1,0,0,0,0,1,0,0,0,0,0,0,0,0,1,0,0,0,0,0
13NOG01,13,NOG,dig,Hardy301,original,composite,181,95,12.7,16.27,18.03,56.7,7.836,2,na,0.425,0.956196906,0,0,0,0,0,0,0,0,0,0,0,0,0,0,0,0,0,0,0,0,0,0,0,0,0,0
13NOG01,13,NOG,dig,Hardy301,extreme,composite,181,95,12.7,16.27,18.03,56.7,7.836,2,na,0.425,0.956196906,0,0,0,0,0,0,0,0,0,0,0,0,0,0,0,0,0,0,0,0,0,0,0,0,0,0
13NOG01,13,NOG,dig,Hardy301,conservative,composite,181,95,12.7,16.27,18.03,56.7,7.836,2,na,0.425,0.956196906,0,0,0,0,0,0,0,0,0,0,0,0,0,0,0,0,0,0,0,0,0,0,0,0,0,0
13NOG02,13,NOG,dig,Hardy301,original,plastic,222,134,15.4,22.32,23.56,143,13.411,3,0.2,0.852,1.307004594,0,0,0,0,0,0,0,0,0,0,0,0,0,0,0,0,0,0,0,0,0,0,0,0,0,0
13NOG02,13,NOG,dig,Hardy301,extreme,plastic,222,134,15.4,22.32,23.56,143,13.411,3,0.2,0.852,1.307004594,0,0,0,0,0,0,0,0,0,0,0,0,0,0,0,0,0,0,0,0,0,0,0,0,0,0
13NOG02,13,NOG,dig,Hardy301,conservative,plastic,222,134,15.4,22.32,23.56,143,13.411,3,0.2,0.852,1.307004594,0,0,0,0,0,0,0,0,0,0,0,0,0,0,0,0,0,0,0,0,0,0,0,0,0,0
13NOG02,13,NOG,dig,Hardy301,original,composite,222,134,15.4,22.32,23.56,143,13.411,3,0.2,0.852,1.307004594,1,1,0,0,0,0,0,1,0,1,0,0,0,0,0,0,0,0,0,0,0,0,0,0,1,0
13NOG02,13,NOG,dig,Hardy301,extreme,composite,222,134,15.4,22.32,23.56,143,13.411,3,0.2,0.852,1.307004594,1,1,0,0,0,0,0,1,0,1,0,0,0,0,0,0,0,0,0,0,0,0,0,0,1,0
13NOG02,13,NOG,dig,Hardy301,conservative,composite,222,134,15.4,22.32,23.56,143,13.411,3,0.2,0.852,1.307004594,1,1,0,0,0,0,0,1,0,1,0,0,0,0,0,0,0,0,0,0,0,0,0,0,1,0
13NOG03,13,NOG,dig,Hardy301,original,plastic,240,129,16.05,23.79,25.25,129.2,10.662,2,0.1,0.275,0.934606481,0,0,0,0,0,0,0,0,1,0,0,0,0,0,0,0,0,0,0,0,0,0,0,0,0,0
13NOG03,13,NOG,dig,Hardy301,extreme,plastic,240,129,16.05,23.79,25.25,129.2,10.662,2,0.1,0.275,0.934606481,0,0,0,0,0,0,0,0,0,0,0,0,0,0,0,0,0,0,0,0,0,0,0,0,0,0
13NOG03,13,NOG,dig,Hardy301,conservative,plastic,240,129,16.05,23.79,25.25,129.2,10.662,2,0.1,0.275,0.934606481,0,0,0,0,0,0,0,0,0,0,0,0,0,0,0,0,0,0,0,0,0,0,0,0,0,0
13NOG03,13,NOG,dig,Hardy301,original,composite,240,129,16.05,23.79,25.25,129.2,10.662,2,0.1,0.275,0.934606481,1,0,0,1,0,0,1,0,1,0,0,0,0,0,0,0,0,0,0,0,0,1,0,0,0,0
13NOG03,13,NOG,dig,Hardy301,extreme,composite,240,129,16.05,23.79,25.25,129.2,10.662,2,0.1,0.275,0.934606481,0,0,0,0,0,0,0,0,0,0,0,0,0,0,0,0,0,0,0,0,0,0,0,0,0,0
13NOG03,13,NOG,dig,Hardy301,conservative,composite,240,129,16.05,23.79,25.25,129.2,10.662,2,0.1,0.275,0.934606481,1,0,0,1,0,0,1,0,1,0,0,0,0,0,0,0,0,0,0,0,0,1,0,0,0,0
13NOG04,13,NOG,dig,Hardy301,original,plastic,247,147,17.01,26.56,28.41,193.7,15.516,2,0.177,1.222,1.285401377,0,0,0,0,0,0,0,0,0,0,0,0,0,0,0,0,0,0,0,0,0,0,0,0,0,0
13NOG04,13,NOG,dig,Hardy301,extreme,plastic,247,147,17.01,26.56,28.41,193.7,15.516,2,0.177,1.222,1.285401377,0,0,0,0,0,0,0,0,0,0,0,0,0,0,0,0,0,0,0,0,0,0,0,0,0,0
13NOG04,13,NOG,dig,Hardy301,conservative,plastic,247,147,17.01,26.56,28.41,193.7,15.516,2,0.177,1.222,1.285401377,0,0,0,0,0,0,0,0,0,0,0,0,0,0,0,0,0,0,0,0,0,0,0,0,0,0
13NOG04,13,NOG,dig,Hardy301,original,composite,247,147,17.01,26.56,28.41,193.7,15.516,2,0.177,1.222,1.285401377,0,0,0,0,0,0,0,0,0,0,0,0,0,0,0,0,0,0,0,0,0,0,0,0,0,0
13NOG04,13,NOG,dig,Hardy301,extreme,composite,247,147,17.01,26.56,28.41,193.7,15.516,2,0.177,1.222,1.285401377,0,0,0,0,0,0,0,0,0,0,0,0,0,0,0,0,0,0,0,0,0,0,0,0,0,0
13NOG04,13,NOG,dig,Hardy301,conservative,composite,247,147,17.01,26.56,28.41,193.7,15.516,2,0.177,1.222,1.285401377,0,0,0,0,0,0,0,0,0,0,0,0,0,0,0,0,0,0,0,0,0,0,0,0,0,0
13NOGPRO,13,NOG,pro,Hardy301,original,plastic,,,,,,,,,,,,2,0,0,0,2,0,2,0,0,1,0,0,0,0,0,0,0,0,0,0,0,0,2,0,0,0
13NOGPRO,13,NOG,pro,Hardy301,original,composite,,,,,,,,,,,,7,0,3,4,0,0,7,0,6,0,1,0,0,0,0,0,0,0,0,5,0,0,0,0,0,2
26ANI01,26,ANI,dig,Both,original,plastic,211,95,28.88,19.44,25.33,72.4,5.558,3,0.695,1.498,0.770710366,0,0,0,0,0,0,0,0,0,0,0,0,0,0,0,0,0,0,0,0,0,0,0,0,0,0
26ANI01,26,ANI,dig,Both,extreme,plastic,211,95,28.88,19.44,25.33,72.4,5.558,3,0.695,1.498,0.770710366,0,0,0,0,0,0,0,0,0,0,0,0,0,0,0,0,0,0,0,0,0,0,0,0,0,0
26ANI01,26,ANI,dig,Both,conservative,plastic,211,95,28.88,19.44,25.33,72.4,5.558,3,0.695,1.498,0.770710366,0,0,0,0,0,0,0,0,0,0,0,0,0,0,0,0,0,0,0,0,0,0,0,0,0,0
26ANI01,26,ANI,dig,Both,original,composite,211,95,28.88,19.44,25.33,72.4,5.558,3,0.695,1.498,0.770710366,0,0,0,0,0,0,0,0,0,0,0,0,0,0,0,0,0,0,0,0,0,0,0,0,0,0
26ANI01,26,ANI,dig,Both,extreme,composite,211,95,28.88,19.44,25.33,72.4,5.558,3,0.695,1.498,0.770710366,0,0,0,0,0,0,0,0,0,0,0,0,0,0,0,0,0,0,0,0,0,0,0,0,0,0
26ANI01,26,ANI,dig,Both,conservative,composite,211,95,28.88,19.44,25.33,72.4,5.558,3,0.695,1.498,0.770710366,0,0,0,0,0,0,0,0,0,0,0,0,0,0,0,0,0,0,0,0,0,0,0,0,0,0
26ANI02,26,ANI,dig,Both,original,plastic,207,94,27.3,20.03,25.39,74.2,4.197,3,0.833,1.211,0.83655186,1,1,0,0,0,0,1,,1,0,0,0,0,0,0,0,0,0,0,0,0,0,0,0,0,1
26ANI02,26,ANI,dig,Both,extreme,plastic,207,94,27.3,20.03,25.39,74.2,4.197,3,0.833,1.211,0.83655186,1,1,0,0,0,0,1,,1,0,0,0,0,0,0,0,0,0,0,0,0,0,0,0,0,1
26ANI02,26,ANI,dig,Both,conservative,plastic,207,94,27.3,20.03,25.39,74.2,4.197,3,0.833,1.211,0.83655186,1,1,0,0,0,0,1,0,1,0,0,0,0,0,0,0,0,0,0,0,0,0,0,0,0,1
26ANI02,26,ANI,dig,Both,original,composite,207,94,27.3,20.03,25.39,74.2,4.197,3,0.833,1.211,0.83655186,0,0,0,0,0,0,0,0,0,0,0,0,0,0,0,0,0,0,0,0,0,0,0,0,0,0
26ANI02,26,ANI,dig,Both,extreme,composite,207,94,27.3,20.03,25.39,74.2,4.197,3,0.833,1.211,0.83655186,0,0,0,0,0,0,0,0,0,0,0,0,0,0,0,0,0,0,0,0,0,0,0,0,0,0
26ANI02,26,ANI,dig,Both,conservative,composite,207,94,27.3,20.03,25.39,74.2,4.197,3,0.833,1.211,0.83655186,0,0,0,0,0,0,0,0,0,0,0,0,0,0,0,0,0,0,0,0,0,0,0,0,0,0
26ANI03,26,ANI,dig,Both,original,plastic,240,115,33.05,24.57,28.63,114.4,11.942,4,1.113,2.171,0.827546296,0,0,0,0,0,0,0,0,0,0,0,0,0,0,0,0,0,0,0,0,0,0,0,0,0,0
26ANI03,26,ANI,dig,Both,extreme,plastic,240,115,33.05,24.57,28.63,114.4,11.942,4,1.113,2.171,0.827546296,0,0,0,0,0,0,0,0,0,0,0,0,0,0,0,0,0,0,0,0,0,0,0,0,0,0
26ANI03,26,ANI,dig,Both,conservative,plastic,240,115,33.05,24.57,28.63,114.4,11.942,4,1.113,2.171,0.827546296,0,0,0,0,0,0,0,0,0,0,0,0,0,0,0,0,0,0,0,0,0,0,0,0,0,0
26ANI03,26,ANI,dig,Both,original,composite,240,115,33.05,24.57,28.63,114.4,11.942,4,1.113,2.171,0.827546296,0,0,0,0,0,0,0,0,0,0,0,0,0,0,0,0,0,0,0,0,0,0,0,0,0,0
26ANI03,26,ANI,dig,Both,extreme,composite,240,115,33.05,24.57,28.63,114.4,11.942,4,1.113,2.171,0.827546296,0,0,0,0,0,0,0,0,0,0,0,0,0,0,0,0,0,0,0,0,0,0,0,0,0,0
26ANI03,26,ANI,dig,Both,conservative,composite,240,115,33.05,24.57,28.63,114.4,11.942,4,1.113,2.171,0.827546296,0,0,0,0,0,0,0,0,0,0,0,0,0,0,0,0,0,0,0,0,0,0,0,0,0,0
26ANI04,26,ANI,dig,Both,original,plastic,241,118,28.93,37.32,47.61,119.6,10.397,4,1.006,2.678,0.854437011,0,0,0,0,0,0,0,0,0,0,0,0,0,0,0,0,0,0,0,0,0,0,0,0,0,0
26ANI04,26,ANI,dig,Both,extreme,plastic,241,118,28.93,37.32,47.61,119.6,10.397,4,1.006,2.678,0.854437011,0,0,0,0,0,0,0,0,0,0,0,0,0,0,0,0,0,0,0,0,0,0,0,0,0,0
26ANI04,26,ANI,dig,Both,conservative,plastic,241,118,28.93,37.32,47.61,119.6,10.397,4,1.006,2.678,0.854437011,0,0,0,0,0,0,0,0,0,0,0,0,0,0,0,0,0,0,0,0,0,0,0,0,0,0
26ANI04,26,ANI,dig,Both,original,composite,241,118,28.93,37.32,47.61,119.6,10.397,4,1.006,2.678,0.854437011,0,0,0,0,0,0,0,0,0,0,0,0,0,0,0,0,0,0,0,0,0,0,0,0,0,0
26ANI04,26,ANI,dig,Both,extreme,composite,241,118,28.93,37.32,47.61,119.6,10.397,4,1.006,2.678,0.854437011,0,0,0,0,0,0,0,0,0,0,0,0,0,0,0,0,0,0,0,0,0,0,0,0,0,0
26ANI04,26,ANI,dig,Both,conservative,composite,241,118,28.93,37.32,47.61,119.6,10.397,4,1.006,2.678,0.854437011,0,0,0,0,0,0,0,0,0,0,0,0,0,0,0,0,0,0,0,0,0,0,0,0,0,0
26ANI05,26,ANI,dig,Both,original,plastic,260,120,35.59,22.36,27.67,154.8,10.394,3,1.616,3.396,0.880746472,0,0,0,0,0,0,0,0,0,0,0,0,0,0,0,0,0,0,0,0,0,0,0,0,0,0
26ANI05,26,ANI,dig,Both,extreme,plastic,260,120,35.59,22.36,27.67,154.8,10.394,3,1.616,3.396,0.880746472,0,0,0,0,0,0,0,0,0,0,0,0,0,0,0,0,0,0,0,0,0,0,0,0,0,0
26ANI05,26,ANI,dig,Both,conservative,plastic,260,120,35.59,22.36,27.67,154.8,10.394,3,1.616,3.396,0.880746472,0,0,0,0,0,0,0,0,0,0,0,0,0,0,0,0,0,0,0,0,0,0,0,0,0,0
26ANI05,26,ANI,dig,Both,original,composite,260,120,35.59,22.36,27.67,154.8,10.394,3,1.616,3.396,0.880746472,0,0,0,0,0,0,0,0,0,0,0,0,0,0,0,0,0,0,0,0,0,0,0,0,0,0
26ANI05,26,ANI,dig,Both,extreme,composite,260,120,35.59,22.36,27.67,154.8,10.394,3,1.616,3.396,0.880746472,0,0,0,0,0,0,0,0,0,0,0,0,0,0,0,0,0,0,0,0,0,0,0,0,0,0
26ANI05,26,ANI,dig,Both,conservative,composite,260,120,35.59,22.36,27.67,154.8,10.394,3,1.616,3.396,0.880746472,0,0,0,0,0,0,0,0,0,0,0,0,0,0,0,0,0,0,0,0,0,0,0,0,0,0
26ANI06,26,ANI,dig,Both,original,plastic,260,125,35.98,22.8,32.41,151,12.536,3,1.918,3.35,0.859126081,0,0,0,0,0,0,0,0,0,0,0,0,0,0,0,0,0,0,0,0,0,0,0,0,0,0
26ANI06,26,ANI,dig,Both,extreme,plastic,260,125,35.98,22.8,32.41,151,12.536,3,1.918,3.35,0.859126081,0,0,0,0,0,0,0,0,0,0,0,0,0,0,0,0,0,0,0,0,0,0,0,0,0,0
26ANI06,26,ANI,dig,Both,conservative,plastic,260,125,35.98,22.8,32.41,151,12.536,3,1.918,3.35,0.859126081,0,0,0,0,0,0,0,0,0,0,0,0,0,0,0,0,0,0,0,0,0,0,0,0,0,0
26ANI06,26,ANI,dig,Both,original,composite,260,125,35.98,22.8,32.41,151,12.536,3,1.918,3.35,0.859126081,2,0,1,0,1,0,2,0,2,0,0,0,0,0,0,0,0,0,0,1,0,1,0,0,0,0
26ANI06,26,ANI,dig,Both,extreme,composite,260,125,35.98,22.8,32.41,151,12.536,3,1.918,3.35,0.859126081,0,0,0,0,0,0,0,0,0,0,0,0,0,0,0,0,0,0,0,0,0,0,0,0,0,0
26ANI06,26,ANI,dig,Both,conservative,composite,260,125,35.98,22.8,32.41,151,12.536,3,1.918,3.35,0.859126081,0,0,0,0,0,0,0,0,0,0,0,0,0,0,0,0,0,0,0,0,0,0,0,0,0,0
26ANI07,26,ANI,dig,Chem305,original,plastic,211,96,27.73,18,23.99,68.7,5.689,4,0.451,na,0.731323234,1,0,1,0,0,0,1,0,1,0,0,0,0,0,0,0,0,0,0,0,1,0,0,0,0,0
26ANI07,26,ANI,dig,Chem305,extreme,plastic,211,96,27.73,18,23.99,68.7,5.689,4,0.451,na,0.731323234,1,0,1,0,0,0,1,0,1,0,0,0,0,0,0,0,0,0,0,0,1,0,0,0,0,0
26ANI07,26,ANI,dig,Chem305,conservative,plastic,211,96,27.73,18,23.99,68.7,5.689,4,0.451,na,0.731323234,1,0,1,0,0,0,1,0,1,0,0,0,0,0,0,0,0,0,0,0,1,0,0,0,0,0
26ANI07,26,ANI,dig,Chem305,original,composite,211,96,27.73,18,23.99,68.7,5.689,4,0.451,na,0.731323234,0,0,0,0,0,0,0,0,0,0,0,0,0,0,0,0,0,0,0,0,0,0,0,0,0,0
26ANI07,26,ANI,dig,Chem305,extreme,composite,211,96,27.73,18,23.99,68.7,5.689,4,0.451,na,0.731323234,0,0,0,0,0,0,0,0,0,0,0,0,0,0,0,0,0,0,0,0,0,0,0,0,0,0
26ANI07,26,ANI,dig,Chem305,conservative,composite,211,96,27.73,18,23.99,68.7,5.689,4,0.451,na,0.731323234,0,0,0,0,0,0,0,0,0,0,0,0,0,0,0,0,0,0,0,0,0,0,0,0,0,0
26ANI08,26,ANI,dig,Chem305,original,plastic,229,112,31.53,19.84,29.64,108.2,8.842,3,1.626,2.954,0.900991749,1,0,1,0,0,0,1,0,0,1,0,0,0,0,0,0,0,0,0,0,1,0,0,0,0,0
26ANI08,26,ANI,dig,Chem305,extreme,plastic,229,112,31.53,19.84,29.64,108.2,8.842,3,1.626,2.954,0.900991749,1,0,1,0,0,0,1,0,0,1,0,0,0,0,0,0,0,0,0,0,1,0,0,0,0,0
26ANI08,26,ANI,dig,Chem305,conservative,plastic,229,112,31.53,19.84,29.64,108.2,8.842,3,1.626,2.954,0.900991749,1,0,1,0,0,0,1,0,0,1,0,0,0,0,0,0,0,0,0,0,1,0,0,0,0,0
26ANI08,26,ANI,dig,Chem305,original,composite,229,112,31.53,19.84,29.64,108.2,8.842,3,1.626,2.954,0.900991749,1,0,0,0,1,0,1,0,1,0,0,0,0,0,0,0,1,0,0,0,0,0,0,0,0,0
26ANI08,26,ANI,dig,Chem305,extreme,composite,229,112,31.53,19.84,29.64,108.2,8.842,3,1.626,2.954,0.900991749,0,0,0,0,0,0,0,0,0,0,0,0,0,0,0,0,0,0,0,0,0,0,0,0,0,0
26ANI08,26,ANI,dig,Chem305,conservative,composite,229,112,31.53,19.84,29.64,108.2,8.842,3,1.626,2.954,0.900991749,1,0,0,0,1,0,1,0,1,0,0,0,0,0,0,0,1,0,0,0,0,0,0,0,0,0
26ANI09,26,ANI,dig,Chem305,original,plastic,252,130,36.14,24.17,31.05,145.2,13.316,3,0.839,3.756,0.907329422,2,1,1,0,0,0,2,0,2,0,0,0,0,0,0,0,0,0,0,0,1,0,0,0,0,1
26ANI09,26,ANI,dig,Chem305,extreme,,252,130,36.14,24.17,31.05,145.2,13.316,3,0.839,3.756,0.907329422,2,1,1,0,0,0,2,0,2,0,0,0,0,0,0,0,0,0,0,0,1,0,0,0,0,1
26ANI09,26,ANI,dig,Chem305,conservative,,252,130,36.14,24.17,31.05,145.2,13.316,3,0.839,3.756,0.907329422,2,1,1,0,0,0,2,0,2,0,0,0,0,0,0,0,0,0,0,0,1,0,0,0,0,1
26ANI09,26,ANI,dig,Chem305,original,composite,252,130,36.14,24.17,31.05,145.2,13.316,3,0.839,3.756,0.907329422,0,0,0,0,0,0,0,0,0,0,0,0,0,0,0,0,0,0,0,0,0,0,0,0,0,0
26ANI09,26,ANI,dig,Chem305,extreme,,252,130,36.14,24.17,31.05,145.2,13.316,3,0.839,3.756,0.907329422,0,0,0,0,0,0,0,0,0,0,0,0,0,0,0,0,0,0,0,0,0,0,0,0,0,0
26ANI09,26,ANI,dig,Chem305,conservative,,252,130,36.14,24.17,31.05,145.2,13.316,3,0.839,3.756,0.907329422,0,0,0,0,0,0,0,0,0,0,0,0,0,0,0,0,0,0,0,0,0,0,0,0,0,0
26ANI10,26,ANI,dig,Chem305,original,plastic,247,131,33.43,30.53,30.2,156.6,16.722,4,1.511,3.341,1.039204211,0,0,0,0,0,0,0,0,0,0,0,0,0,0,0,0,0,0,0,0,0,0,0,0,0,0
26ANI10,26,ANI,dig,Chem305,extreme,plastic,247,131,33.43,30.53,30.2,156.6,16.722,4,1.511,3.341,1.039204211,0,0,0,0,0,0,0,0,0,0,0,0,0,0,0,0,0,0,0,0,0,0,0,0,0,0
26ANI10,26,ANI,dig,Chem305,conservative,plastic,247,131,33.43,30.53,30.2,156.6,16.722,4,1.511,3.341,1.039204211,0,0,0,0,0,0,0,0,0,0,0,0,0,0,0,0,0,0,0,0,0,0,0,0,0,0
26ANI10,26,ANI,dig,Chem305,original,composite,247,131,33.43,30.53,30.2,156.6,16.722,4,1.511,3.341,1.039204211,0,0,0,0,0,0,0,0,0,0,0,0,0,0,0,0,0,0,0,0,0,0,0,0,0,0
26ANI10,26,ANI,dig,Chem305,extreme,composite,247,131,33.43,30.53,30.2,156.6,16.722,4,1.511,3.341,1.039204211,0,0,0,0,0,0,0,0,0,0,0,0,0,0,0,0,0,0,0,0,0,0,0,0,0,0
26ANI10,26,ANI,dig,Chem305,conservative,composite,247,131,33.43,30.53,30.2,156.6,16.722,4,1.511,3.341,1.039204211,0,0,0,0,0,0,0,0,0,0,0,0,0,0,0,0,0,0,0,0,0,0,0,0,0,0
26ANIPRO,26,ANI,pro,Chem305,original,plastic,,,,,,,,,,,,0,0,0,0,0,0,0,0,0,0,0,0,0,0,0,0,0,0,0,0,0,0,0,0,0,0
26ANIPRO,26,ANI,pro,Chem305,original,composite,,,,,,,,,,,,5,1,0,3,1,0,5,0,2,3,0,0,0,0,0,0,1,0,0,3,0,1,0,0,0,0
26NOG01,26,NOG,dig,Chem305,original,plastic,209,120,16.62,10.75,19.05,91.2,8.407,1.5,0.129,1.393,0.998978129,0,0,0,0,0,0,0,0,0,0,0,0,0,0,0,0,0,0,0,0,0,0,0,0,0,0
26NOG01,26,NOG,dig,Chem305,extreme,plastic,209,120,16.62,10.75,19.05,91.2,8.407,1.5,0.129,1.393,0.998978129,0,0,0,0,0,0,0,0,0,0,0,0,0,0,0,0,0,0,0,0,0,0,0,0,0,0
26NOG01,26,NOG,dig,Chem305,conservative,plastic,209,120,16.62,10.75,19.05,91.2,8.407,1.5,0.129,1.393,0.998978129,0,0,0,0,0,0,0,0,0,0,0,0,0,0,0,0,0,0,0,0,0,0,0,0,0,0
26NOG01,26,NOG,dig,Chem305,original,composite,209,120,16.62,10.75,19.05,91.2,8.407,1.5,0.129,1.393,0.998978129,0,0,0,0,0,0,0,0,0,0,0,0,0,0,0,0,0,0,0,0,0,0,0,0,0,0
26NOG01,26,NOG,dig,Chem305,extreme,composite,209,120,16.62,10.75,19.05,91.2,8.407,1.5,0.129,1.393,0.998978129,0,0,0,0,0,0,0,0,0,0,0,0,0,0,0,0,0,0,0,0,0,0,0,0,0,0
26NOG01,26,NOG,dig,Chem305,conservative,composite,209,120,16.62,10.75,19.05,91.2,8.407,1.5,0.129,1.393,0.998978129,0,0,0,0,0,0,0,0,0,0,0,0,0,0,0,0,0,0,0,0,0,0,0,0,0,0
26NOG02,26,NOG,dig,Chem305,original,plastic,223,125,18.49,15.39,26.15,131.2,10.481,2,0.162,0.911,1.183093984,0,0,0,0,0,0,0,0,0,0,0,0,0,0,0,0,0,0,0,0,0,0,0,0,0,0
26NOG02,26,NOG,dig,Chem305,extreme,plastic,223,125,18.49,15.39,26.15,131.2,10.481,2,0.162,0.911,1.183093984,0,0,0,0,0,0,0,0,0,0,0,0,0,0,0,0,0,0,0,0,0,0,0,0,0,0
26NOG02,26,NOG,dig,Chem305,conservative,plastic,223,125,18.49,15.39,26.15,131.2,10.481,2,0.162,0.911,1.183093984,0,0,0,0,0,0,0,0,0,0,0,0,0,0,0,0,0,0,0,0,0,0,0,0,0,0
26NOG02,26,NOG,dig,Chem305,original,composite,223,125,18.49,15.39,26.15,131.2,10.481,2,0.162,0.911,1.183093984,0,0,0,0,0,0,0,0,0,0,0,0,0,0,0,0,0,0,0,0,0,0,0,0,0,0
26NOG02,26,NOG,dig,Chem305,extreme,composite,223,125,18.49,15.39,26.15,131.2,10.481,2,0.162,0.911,1.183093984,0,0,0,0,0,0,0,0,0,0,0,0,0,0,0,0,0,0,0,0,0,0,0,0,0,0
26NOG02,26,NOG,dig,Chem305,conservative,composite,223,125,18.49,15.39,26.15,131.2,10.481,2,0.162,0.911,1.183093984,0,0,0,0,0,0,0,0,0,0,0,0,0,0,0,0,0,0,0,0,0,0,0,0,0,0
26NOG03,26,NOG,dig,Chem305,original,plastic,217,134,16.37,16.1,22.44,132,10.783,2,0.207,1.077,1.291798362,0,0,0,0,0,0,0,0,0,0,0,0,0,0,0,0,0,0,0,0,0,0,0,0,0,0
26NOG03,26,NOG,dig,Chem305,extreme,plastic,217,134,16.37,16.1,22.44,132,10.783,2,0.207,1.077,1.291798362,0,0,0,0,0,0,0,0,0,0,0,0,0,0,0,0,0,0,0,0,0,0,0,0,0,0
26NOG03,26,NOG,dig,Chem305,conservative,plastic,217,134,16.37,16.1,22.44,132,10.783,2,0.207,1.077,1.291798362,0,0,0,0,0,0,0,0,0,0,0,0,0,0,0,0,0,0,0,0,0,0,0,0,0,0
26NOG03,26,NOG,dig,Chem305,original,composite,217,134,16.37,16.1,22.44,132,10.783,2,0.207,1.077,1.291798362,0,0,0,0,0,0,0,0,0,0,0,0,0,0,0,0,0,0,0,0,0,0,0,0,0,0
26NOG03,26,NOG,dig,Chem305,extreme,composite,217,134,16.37,16.1,22.44,132,10.783,2,0.207,1.077,1.291798362,0,0,0,0,0,0,0,0,0,0,0,0,0,0,0,0,0,0,0,0,0,0,0,0,0,0
26NOG03,26,NOG,dig,Chem305,conservative,composite,217,134,16.37,16.1,22.44,132,10.783,2,0.207,1.077,1.291798362,0,0,0,0,0,0,0,0,0,0,0,0,0,0,0,0,0,0,0,0,0,0,0,0,0,0
26NOG04,26,NOG,dig,Chem305,original,plastic,235,152,18.68,17.76,26.88,169.2,14.098,2,0.21,1.621,1.303757356,0,0,0,0,0,0,0,0,0,0,0,0,0,0,0,0,0,0,0,0,0,0,0,0,0,0
26NOG04,26,NOG,dig,Chem305,extreme,plastic,235,152,18.68,17.76,26.88,169.2,14.098,2,0.21,1.621,1.303757356,0,0,0,0,0,0,0,0,0,0,0,0,0,0,0,0,0,0,0,0,0,0,0,0,0,0
26NOG04,26,NOG,dig,Chem305,conservative,plastic,235,152,18.68,17.76,26.88,169.2,14.098,2,0.21,1.621,1.303757356,0,0,0,0,0,0,0,0,0,0,0,0,0,0,0,0,0,0,0,0,0,0,0,0,0,0
26NOG04,26,NOG,dig,Chem305,original,composite,235,152,18.68,17.76,26.88,169.2,14.098,2,0.21,1.621,1.303757356,0,0,0,0,0,0,0,0,0,0,0,0,0,0,0,0,0,0,0,0,0,0,0,0,0,0
26NOG04,26,NOG,dig,Chem305,extreme,composite,235,152,18.68,17.76,26.88,169.2,14.098,2,0.21,1.621,1.303757356,0,0,0,0,0,0,0,0,0,0,0,0,0,0,0,0,0,0,0,0,0,0,0,0,0,0
26NOG04,26,NOG,dig,Chem305,conservative,composite,235,152,18.68,17.76,26.88,169.2,14.098,2,0.21,1.621,1.303757356,0,0,0,0,0,0,0,0,0,0,0,0,0,0,0,0,0,0,0,0,0,0,0,0,0,0
26NOG05,26,NOG,dig,Chem305,original,plastic,234,145,15.93,21.44,24.78,162,16.334,2,0.192,1.281,1.264350377,0,0,0,0,0,0,0,0,0,0,0,0,0,0,0,0,0,0,0,0,0,0,0,0,0,0
26NOG05,26,NOG,dig,Chem305,extreme,plastic,234,145,15.93,21.44,24.78,162,16.334,2,0.192,1.281,1.264350377,0,0,0,0,0,0,0,0,0,0,0,0,0,0,0,0,0,0,0,0,0,0,0,0,0,0
26NOG05,26,NOG,dig,Chem305,conservative,plastic,234,145,15.93,21.44,24.78,162,16.334,2,0.192,1.281,1.264350377,0,0,0,0,0,0,0,0,0,0,0,0,0,0,0,0,0,0,0,0,0,0,0,0,0,0
26NOG05,26,NOG,dig,Chem305,original,composite,234,145,15.93,21.44,24.78,162,16.334,2,0.192,1.281,1.264350377,0,0,0,0,0,0,0,0,0,0,0,0,0,0,0,0,0,0,0,0,0,0,0,0,0,0
26NOG05,26,NOG,dig,Chem305,extreme,composite,234,145,15.93,21.44,24.78,162,16.334,2,0.192,1.281,1.264350377,0,0,0,0,0,0,0,0,0,0,0,0,0,0,0,0,0,0,0,0,0,0,0,0,0,0
26NOG05,26,NOG,dig,Chem305,conservative,composite,234,145,15.93,21.44,24.78,162,16.334,2,0.192,1.281,1.264350377,0,0,0,0,0,0,0,0,0,0,0,0,0,0,0,0,0,0,0,0,0,0,0,0,0,0
26NOG06,26,NOG,dig,Chem305,original,plastic,212,132,15.38,12.56,20.58,131.4,10.483,2,0.043,0.785,1.379074672,0,0,0,0,0,0,0,0,0,0,0,0,0,0,0,0,0,0,0,0,0,0,0,0,0,0
26NOG06,26,NOG,dig,Chem305,extreme,plastic,212,132,15.38,12.56,20.58,131.4,10.483,2,0.043,0.785,1.379074672,0,0,0,0,0,0,0,0,0,0,0,0,0,0,0,0,0,0,0,0,0,0,0,0,0,0
26NOG06,26,NOG,dig,Chem305,conservative,plastic,212,132,15.38,12.56,20.58,131.4,10.483,2,0.043,0.785,1.379074672,0,0,0,0,0,0,0,0,0,0,0,0,0,0,0,0,0,0,0,0,0,0,0,0,0,0
26NOG06,26,NOG,dig,Chem305,original,composite,212,132,15.38,12.56,20.58,131.4,10.483,2,0.043,0.785,1.379074672,0,0,0,0,0,0,0,0,0,0,0,0,0,0,0,0,0,0,0,0,0,0,0,0,0,0
26NOG06,26,NOG,dig,Chem305,extreme,composite,212,132,15.38,12.56,20.58,131.4,10.483,2,0.043,0.785,1.379074672,0,0,0,0,0,0,0,0,0,0,0,0,0,0,0,0,0,0,0,0,0,0,0,0,0,0
26NOG06,26,NOG,dig,Chem305,conservative,composite,212,132,15.38,12.56,20.58,131.4,10.483,2,0.043,0.785,1.379074672,0,0,0,0,0,0,0,0,0,0,0,0,0,0,0,0,0,0,0,0,0,0,0,0,0,0
26NOG07,26,NOG,dig,Chem305,original,plastic,198,119,15.36,16.64,22.68,96.9,8.062,2,0.144,0.78,1.248326547,0,0,0,0,0,0,0,0,0,0,0,0,0,0,0,0,0,0,0,0,0,0,0,0,0,0
26NOG07,26,NOG,dig,Chem305,extreme,plastic,198,119,15.36,16.64,22.68,96.9,8.062,2,0.144,0.78,1.248326547,0,0,0,0,0,0,0,0,0,0,0,0,0,0,0,0,0,0,0,0,0,0,0,0,0,0
26NOG07,26,NOG,dig,Chem305,conservative,plastic,198,119,15.36,16.64,22.68,96.9,8.062,2,0.144,0.78,1.248326547,0,0,0,0,0,0,0,0,0,0,0,0,0,0,0,0,0,0,0,0,0,0,0,0,0,0
26NOG07,26,NOG,dig,Chem305,original,composite,198,119,15.36,16.64,22.68,96.9,8.062,2,0.144,0.78,1.248326547,2,0,0,2,0,0,2,0,1,1,0,0,0,0,0,0,0,0,0,1,0,0,0,0,0,1
26NOG07,26,NOG,dig,Chem305,extreme,composite,198,119,15.36,16.64,22.68,96.9,8.062,2,0.144,0.78,1.248326547,1,0,0,1,0,0,1,0,1,0,0,0,0,0,0,0,0,0,0,0,0,0,0,0,0,1
26NOG07,26,NOG,dig,Chem305,conservative,composite,198,119,15.36,16.64,22.68,96.9,8.062,2,0.144,0.78,1.248326547,1,0,0,1,0,0,1,0,1,0,0,0,0,0,0,0,0,0,0,0,0,0,0,0,0,1
26NOG08,26,NOG,dig,Chem305,original,plastic,139,79,10.78,11.03,15.31,28.7,2.601,2,0.035,0.278,1.068654936,0,0,0,0,0,0,0,0,0,0,0,0,0,0,0,0,0,0,0,0,0,0,0,0,0,0
26NOG08,26,NOG,dig,Chem305,extreme,plastic,139,79,10.78,11.03,15.31,28.7,2.601,2,0.035,0.278,1.068654936,0,0,0,0,0,0,0,0,0,0,0,0,0,0,0,0,0,0,0,0,0,0,0,0,0,0
26NOG08,26,NOG,dig,Chem305,conservative,plastic,139,79,10.78,11.03,15.31,28.7,2.601,2,0.035,0.278,1.068654936,0,0,0,0,0,0,0,0,0,0,0,0,0,0,0,0,0,0,0,0,0,0,0,0,0,0
26NOG08,26,NOG,dig,Chem305,original,composite,139,79,10.78,11.03,15.31,28.7,2.601,2,0.035,0.278,1.068654936,1,0,0,0,1,0,1,0,1,0,0,0,0,0,0,0,0,1,0,0,0,0,0,0,0,0
26NOG08,26,NOG,dig,Chem305,extreme,composite,139,79,10.78,11.03,15.31,28.7,2.601,2,0.035,0.278,1.068654936,1,0,0,0,1,0,1,0,1,0,0,0,0,0,0,0,0,1,0,0,0,0,0,0,0,0
26NOG08,26,NOG,dig,Chem305,conservative,composite,139,79,10.78,11.03,15.31,28.7,2.601,2,0.035,0.278,1.068654936,1,0,0,0,1,0,1,0,1,0,0,0,0,0,0,0,0,1,0,0,0,0,0,0,0,0
26NOG09,26,NOG,dig,Chem305,original,plastic,185,111,13.73,13.98,17.57,88.1,8.081,1.5,0.129,0.754,1.391427951,1,0,1,0,0,0,1,0,0,0,0,1,0,0,0,0,0,0,0,0,0,0,0,0,1,0
26NOG09,26,NOG,dig,Chem305,extreme,,185,111,13.73,13.98,17.57,88.1,8.081,1.5,0.129,0.754,1.391427951,1,0,1,0,0,0,1,0,0,0,0,1,0,0,0,0,0,0,0,0,0,0,0,0,1,0
26NOG09,26,NOG,dig,Chem305,conservative,,185,111,13.73,13.98,17.57,88.1,8.081,1.5,0.129,0.754,1.391427951,1,0,1,0,0,0,1,0,0,0,0,1,0,0,0,0,0,0,0,0,0,0,0,0,1,0
26NOG09,26,NOG,dig,Chem305,original,composite,185,111,13.73,13.98,17.57,88.1,8.081,1.5,0.129,0.754,1.391427951,0,0,0,0,0,0,0,0,0,0,0,0,0,0,0,0,0,0,0,0,0,0,0,0,0,0
26NOG09,26,NOG,dig,Chem305,extreme,,185,111,13.73,13.98,17.57,88.1,8.081,1.5,0.129,0.754,1.391427951,0,0,0,0,0,0,0,0,0,0,0,0,0,0,0,0,0,0,0,0,0,0,0,0,0,0
26NOG09,26,NOG,dig,Chem305,conservative,,185,111,13.73,13.98,17.57,88.1,8.081,1.5,0.129,0.754,1.391427951,0,0,0,0,0,0,0,0,0,0,0,0,0,0,0,0,0,0,0,0,0,0,0,0,0,0
26NOG10,26,NOG,dig,Chem305,original,plastic,212,123,16.6,16.75,18.78,132.8,10.563,1.5,0.164,0.751,1.39376801,2,2,0,0,0,0,0,2,0,0,0,1,0,1,0,2,0,0,0,0,0,0,0,0,0,0
26NOG10,26,NOG,dig,Chem305,extreme,plastic,212,123,16.6,16.75,18.78,132.8,10.563,1.5,0.164,0.751,1.39376801,2,2,0,0,0,0,0,2,0,0,0,1,0,1,0,2,0,0,0,0,0,0,0,0,0,0
26NOG10,26,NOG,dig,Chem305,conservative,plastic,212,123,16.6,16.75,18.78,132.8,10.563,1.5,0.164,0.751,1.39376801,2,2,0,0,0,0,0,2,0,0,0,1,0,1,0,2,0,0,0,0,0,0,0,0,0,0
26NOG10,26,NOG,dig,Chem305,original,composite,212,123,16.6,16.75,18.78,132.8,10.563,1.5,0.164,0.751,1.39376801,0,0,0,0,0,0,0,0,0,0,0,0,0,0,0,0,0,0,0,0,0,0,0,0,0,0
26NOG10,26,NOG,dig,Chem305,extreme,composite,212,123,16.6,16.75,18.78,132.8,10.563,1.5,0.164,0.751,1.39376801,0,0,0,0,0,0,0,0,0,0,0,0,0,0,0,0,0,0,0,0,0,0,0,0,0,0
26NOG10,26,NOG,dig,Chem305,conservative,composite,212,123,16.6,16.75,18.78,132.8,10.563,1.5,0.164,0.751,1.39376801,0,0,0,0,0,0,0,0,0,0,0,0,0,0,0,0,0,0,0,0,0,0,0,0,0,0
26NOGPRO,26,NOG,pro,Chem305,original,plastic,,,,,,,,,,,,1,0,0,0,1,0,1,0,0,1,0,0,0,0,0,0,0,0,0,0,0,0,0,0,0,1
26NOGPRO,26,NOG,pro,Chem305,original,composite,,,,,,,,,,,,0,0,0,0,0,0,0,0,0,0,0,0,0,0,0,0,0,0,0,0,0,0,0,0,0,0
53NOG01,53,NOG,dig,Chem305,original,plastic,211,119,17.21,17.94,20.55,115.1,10.438,2,0.169,0.73,1.225259159,0,0,0,0,0,0,0,0,0,0,0,0,0,0,0,0,0,0,0,0,0,0,0,0,0,0
53NOG01,53,NOG,dig,Chem305,extreme,plastic,211,119,17.21,17.94,20.55,115.1,10.438,2,0.169,0.73,1.225259159,0,0,0,0,0,0,0,0,0,0,0,0,0,0,0,0,0,0,0,0,0,0,0,0,0,0
53NOG01,53,NOG,dig,Chem305,conservative,plastic,211,119,17.21,17.94,20.55,115.1,10.438,2,0.169,0.73,1.225259159,0,0,0,0,0,0,0,0,0,0,0,0,0,0,0,0,0,0,0,0,0,0,0,0,0,0
53NOG01,53,NOG,dig,Chem305,original,composite,211,119,17.21,17.94,20.55,115.1,10.438,2,0.169,0.73,1.225259159,0,0,0,0,0,0,0,0,0,0,0,0,0,0,0,0,0,0,0,0,0,0,0,0,0,0
53NOG01,53,NOG,dig,Chem305,extreme,composite,211,119,17.21,17.94,20.55,115.1,10.438,2,0.169,0.73,1.225259159,0,0,0,0,0,0,0,0,0,0,0,0,0,0,0,0,0,0,0,0,0,0,0,0,0,0
53NOG01,53,NOG,dig,Chem305,conservative,composite,211,119,17.21,17.94,20.55,115.1,10.438,2,0.169,0.73,1.225259159,0,0,0,0,0,0,0,0,0,0,0,0,0,0,0,0,0,0,0,0,0,0,0,0,0,0
53NOG02,53,NOG,dig,Chem305,original,plastic,226,135,18.46,19.31,23.19,143.1,13.985,2.5,0.284,1.202,1.239693478,0,0,0,0,0,0,0,0,0,0,0,0,0,0,0,0,0,0,0,0,0,0,0,0,0,0
53NOG02,53,NOG,dig,Chem305,extreme,plastic,226,135,18.46,19.31,23.19,143.1,13.985,2.5,0.284,1.202,1.239693478,0,0,0,0,0,0,0,0,0,0,0,0,0,0,0,0,0,0,0,0,0,0,0,0,0,0
53NOG02,53,NOG,dig,Chem305,conservative,plastic,226,135,18.46,19.31,23.19,143.1,13.985,2.5,0.284,1.202,1.239693478,0,0,0,0,0,0,0,0,0,0,0,0,0,0,0,0,0,0,0,0,0,0,0,0,0,0
53NOG02,53,NOG,dig,Chem305,original,composite,226,135,18.46,19.31,23.19,143.1,13.985,2.5,0.284,1.202,1.239693478,0,0,0,0,0,0,0,0,0,0,0,0,0,0,0,0,0,0,0,0,0,0,0,0,0,0
53NOG02,53,NOG,dig,Chem305,extreme,composite,226,135,18.46,19.31,23.19,143.1,13.985,2.5,0.284,1.202,1.239693478,0,0,0,0,0,0,0,0,0,0,0,0,0,0,0,0,0,0,0,0,0,0,0,0,0,0
53NOG02,53,NOG,dig,Chem305,conservative,composite,226,135,18.46,19.31,23.19,143.1,13.985,2.5,0.284,1.202,1.239693478,0,0,0,0,0,0,0,0,0,0,0,0,0,0,0,0,0,0,0,0,0,0,0,0,0,0
53NOG03,53,NOG,dig,Chem305,original,plastic,199,124,14.86,17.62,19.75,108,8.044,2,0.195,1.128,1.3704542,0,0,0,0,0,0,0,0,0,0,0,0,0,0,0,0,0,0,0,0,0,0,0,0,0,0
53NOG03,53,NOG,dig,Chem305,extreme,plastic,199,124,14.86,17.62,19.75,108,8.044,2,0.195,1.128,1.3704542,0,0,0,0,0,0,0,0,0,0,0,0,0,0,0,0,0,0,0,0,0,0,0,0,0,0
53NOG03,53,NOG,dig,Chem305,conservative,plastic,199,124,14.86,17.62,19.75,108,8.044,2,0.195,1.128,1.3704542,0,0,0,0,0,0,0,0,0,0,0,0,0,0,0,0,0,0,0,0,0,0,0,0,0,0
53NOG03,53,NOG,dig,Chem305,original,composite,199,124,14.86,17.62,19.75,108,8.044,2,0.195,1.128,1.3704542,0,0,0,0,0,0,0,0,0,0,0,0,0,0,0,0,0,0,0,0,0,0,0,0,0,0
53NOG03,53,NOG,dig,Chem305,extreme,composite,199,124,14.86,17.62,19.75,108,8.044,2,0.195,1.128,1.3704542,0,0,0,0,0,0,0,0,0,0,0,0,0,0,0,0,0,0,0,0,0,0,0,0,0,0
53NOG03,53,NOG,dig,Chem305,conservative,composite,199,124,14.86,17.62,19.75,108,8.044,2,0.195,1.128,1.3704542,0,0,0,0,0,0,0,0,0,0,0,0,0,0,0,0,0,0,0,0,0,0,0,0,0,0
53NOG04,53,NOG,dig,Chem305,original,plastic,181,110,15.06,15.49,17.53,77.8,6.483,2,0.093,0.708,1.312030323,0,0,0,0,0,0,0,0,0,0,0,0,0,0,0,0,0,0,0,0,0,0,0,0,0,0
53NOG04,53,NOG,dig,Chem305,extreme,plastic,181,110,15.06,15.49,17.53,77.8,6.483,2,0.093,0.708,1.312030323,0,0,0,0,0,0,0,0,0,0,0,0,0,0,0,0,0,0,0,0,0,0,0,0,0,0
53NOG04,53,NOG,dig,Chem305,conservative,plastic,181,110,15.06,15.49,17.53,77.8,6.483,2,0.093,0.708,1.312030323,0,0,0,0,0,0,0,0,0,0,0,0,0,0,0,0,0,0,0,0,0,0,0,0,0,0
53NOG04,53,NOG,dig,Chem305,original,composite,181,110,15.06,15.49,17.53,77.8,6.483,2,0.093,0.708,1.312030323,0,0,0,0,0,0,0,0,0,0,0,0,0,0,0,0,0,0,0,0,0,0,0,0,0,0
53NOG04,53,NOG,dig,Chem305,extreme,composite,181,110,15.06,15.49,17.53,77.8,6.483,2,0.093,0.708,1.312030323,0,0,0,0,0,0,0,0,0,0,0,0,0,0,0,0,0,0,0,0,0,0,0,0,0,0
53NOG04,53,NOG,dig,Chem305,conservative,composite,181,110,15.06,15.49,17.53,77.8,6.483,2,0.093,0.708,1.312030323,0,0,0,0,0,0,0,0,0,0,0,0,0,0,0,0,0,0,0,0,0,0,0,0,0,0
53NOG05,53,NOG,dig,Chem305,original,plastic,202,121,16.97,17.78,21.34,111,9.386,2.5,0.212,1.286,1.34669383,0,0,0,0,0,0,0,0,0,0,0,0,0,0,0,0,0,0,0,0,0,0,0,0,0,0
53NOG05,53,NOG,dig,Chem305,extreme,plastic,202,121,16.97,17.78,21.34,111,9.386,2.5,0.212,1.286,1.34669383,0,0,0,0,0,0,0,0,0,0,0,0,0,0,0,0,0,0,0,0,0,0,0,0,0,0
53NOG05,53,NOG,dig,Chem305,conservative,plastic,202,121,16.97,17.78,21.34,111,9.386,2.5,0.212,1.286,1.34669383,0,0,0,0,0,0,0,0,0,0,0,0,0,0,0,0,0,0,0,0,0,0,0,0,0,0
53NOG05,53,NOG,dig,Chem305,original,composite,202,121,16.97,17.78,21.34,111,9.386,2.5,0.212,1.286,1.34669383,0,0,0,0,0,0,0,0,0,0,0,0,0,0,0,0,0,0,0,0,0,0,0,0,0,0
53NOG05,53,NOG,dig,Chem305,extreme,composite,202,121,16.97,17.78,21.34,111,9.386,2.5,0.212,1.286,1.34669383,0,0,0,0,0,0,0,0,0,0,0,0,0,0,0,0,0,0,0,0,0,0,0,0,0,0
53NOG05,53,NOG,dig,Chem305,conservative,composite,202,121,16.97,17.78,21.34,111,9.386,2.5,0.212,1.286,1.34669383,0,0,0,0,0,0,0,0,0,0,0,0,0,0,0,0,0,0,0,0,0,0,0,0,0,0
53NOG06,53,NOG,dig,Chem305,original,plastic,240,153,19.6,21.37,25.42,209.8,18.072,2,0.513,3.258,1.517650463,0,0,0,0,0,0,0,0,0,0,0,0,0,0,0,0,0,0,0,0,0,0,0,0,0,0
53NOG06,53,NOG,dig,Chem305,extreme,plastic,240,153,19.6,21.37,25.42,209.8,18.072,2,0.513,3.258,1.517650463,0,0,0,0,0,0,0,0,0,0,0,0,0,0,0,0,0,0,0,0,0,0,0,0,0,0
53NOG06,53,NOG,dig,Chem305,conservative,plastic,240,153,19.6,21.37,25.42,209.8,18.072,2,0.513,3.258,1.517650463,0,0,0,0,0,0,0,0,0,0,0,0,0,0,0,0,0,0,0,0,0,0,0,0,0,0
53NOG06,53,NOG,dig,Chem305,original,composite,240,153,19.6,21.37,25.42,209.8,18.072,2,0.513,3.258,1.517650463,0,0,0,0,0,0,0,0,0,0,0,0,0,0,0,0,0,0,0,0,0,0,0,0,0,0
53NOG06,53,NOG,dig,Chem305,extreme,composite,240,153,19.6,21.37,25.42,209.8,18.072,2,0.513,3.258,1.517650463,0,0,0,0,0,0,0,0,0,0,0,0,0,0,0,0,0,0,0,0,0,0,0,0,0,0
53NOG06,53,NOG,dig,Chem305,conservative,composite,240,153,19.6,21.37,25.42,209.8,18.072,2,0.513,3.258,1.517650463,0,0,0,0,0,0,0,0,0,0,0,0,0,0,0,0,0,0,0,0,0,0,0,0,0,0
53NOG07,53,NOG,dig,Chem305,original,plastic,229,130,18.9,20.42,25.32,150.6,10.995,1.5,0.256,2.269,1.254060604,1,0,0,0,0,1,1,0,0,1,0,0,0,0,0,0,0,0,0,0,0,0,0,1,0,0
53NOG07,53,NOG,dig,Chem305,extreme,plastic,229,130,18.9,20.42,25.32,150.6,10.995,1.5,0.256,2.269,1.254060604,1,0,0,0,0,1,1,0,0,1,0,0,0,0,0,0,0,0,0,0,0,0,0,1,0,0
53NOG07,53,NOG,dig,Chem305,conservative,plastic,229,130,18.9,20.42,25.32,150.6,10.995,1.5,0.256,2.269,1.254060604,1,0,0,0,0,1,1,0,0,1,0,0,0,0,0,0,0,0,0,0,0,0,0,1,0,0
53NOG07,53,NOG,dig,Chem305,original,composite,229,130,18.9,20.42,25.32,150.6,10.995,1.5,0.256,2.269,1.254060604,0,0,0,0,0,0,0,0,0,0,0,0,0,0,0,0,0,0,0,0,0,0,0,0,0,0
53NOG07,53,NOG,dig,Chem305,extreme,composite,229,130,18.9,20.42,25.32,150.6,10.995,1.5,0.256,2.269,1.254060604,0,0,0,0,0,0,0,0,0,0,0,0,0,0,0,0,0,0,0,0,0,0,0,0,0,0
53NOG07,53,NOG,dig,Chem305,conservative,composite,229,130,18.9,20.42,25.32,150.6,10.995,1.5,0.256,2.269,1.254060604,0,0,0,0,0,0,0,0,0,0,0,0,0,0,0,0,0,0,0,0,0,0,0,0,0,0
53NOGPRO,53,NOG,pro,Chem305,original,plastic,,,,,,,,,,,,0,0,0,0,0,0,0,0,0,0,0,0,0,0,0,0,0,0,0,0,0,0,0,0,0,0
53NOGPRO,53,NOG,pro,Chem305,original,composite,,,,,,,,,,,,2,0,0,2,0,0,2,0,1,1,0,0,0,0,0,0,0,0,1,1,0,0,0,0,0,0
